id,alias,name,builtwith_name,wappalyzer_name,rank
add-to-any,addtoany,Add to Any,Add to Any,,
golive-javascript,adobe-golive,GoLive Javascript,GoLive Javascript,,1
accelerated-mobile-pages,amp,Accelerated Mobile Pages,Accelerated Mobile Pages,,1
angularjs,angular-js,AngularJS,,AngularJS,1
apache-1-3,apache,Apache 1.3,Apache 1.3,,
apache-2-0,apache,Apache 2.0,Apache 2.0,,
apache-2-2,apache,Apache 2.2,Apache 2.2,,
apache-2-4,apache,Apache 2.4,Apache 2.4,,
apache-tomcat-coyote,apache-tomcat,Apache Tomcat Coyote,Apache Tomcat Coyote,,
apache-tomcat-jk,apache-tomcat,Apache Tomcat JK,Apache Tomcat JK,,
apple-mobile-web-app-capable,apple-mobile-web,Apple Mobile Web App Capable,Apple Mobile Web App Capable,,
apple-mobile-web-app-status-bar-style,apple-mobile-web,Apple Mobile Web App Status Bar Style,Apple Mobile Web App Status Bar Style,,
apple-mobile-web-clips-icon,apple-mobile-web,Apple Mobile Web Clips Icon,Apple Mobile Web Clips Icon,,
bootstrap-2-3-*,bootstrap,Bootstrap 2.3.*,Bootstrap 2.3.*,,1
bootstrap-3-3-*,bootstrap,Bootstrap 3.3.*,Bootstrap 3.3.*,,1
bootstrap-3-4-*,bootstrap,Bootstrap 3.4.*,Bootstrap 3.4.*,,1
bootstrap-4-1-*,bootstrap,Bootstrap 4.1.*,Bootstrap 4.1.*,,1
twitter-bootstrap,bootstrap,Twitter Bootstrap,Twitter Bootstrap,,1
campaign-monitor-widget,campaignmonitor,Campaign Monitor Widget,Campaign Monitor Widget,,
crazyegg,crazy-egg,CrazyEgg,CrazyEgg,,
debian-lennny,debian,Debian Lennny,Debian Lennny,,
dnn-software,dnn,DNN Software,DNN Software,,
dojo-toolkit,dojo,Dojo Toolkit,Dojo Toolkit,,
adobe-dreamweaver,dreamweaver,Adobe Dreamweaver,Adobe Dreamweaver,,1
drupal-7,drupal,Drupal 7,Drupal 7,,1
drupal-8,drupal,Drupal 8,Drupal 8,,1
facebook-badge,facebook,Facebook Badge,Facebook Badge,,
facebook-for-websites,facebook,Facebook for Websites,Facebook for Websites,,
facebook-like,facebook,Facebook Like,Facebook Like,,
facebook-like-box,facebook,Facebook Like Box,Facebook Like Box,,
facebook-like-button,facebook,Facebook Like Button,Facebook Like Button,,
facebook-pixel-view-content,facebook,Facebook Pixel View Content,Facebook Pixel View Content,,
flash-object,flash,Flash Object,Flash Object,,1
google-hosted-swfobject,flash,Google Hosted SWFObject,Google Hosted SWFObject,,1
shockwave-flash-embed,flash,Shockwave Flash Embed,Shockwave Flash Embed,,1
frontpage-extensions,frontpage,Frontpage Extensions,Frontpage Extensions,,1
frontpage-proprietary-tags,frontpage,Frontpage Proprietary Tags,Frontpage Proprietary Tags,,1
gatsby-js,gatsby,Gatsby JS,Gatsby JS,,
google-analytics-anonymize-ip,google-analytics,Google Analytics Anonymize IP,Google Analytics Anonymize IP,,
google-analytics-classic,google-analytics,Google Analytics Classic,Google Analytics Classic,,
google-analytics-dashboard-for-wordpress,google-analytics,Google Analytics Dashboard for WordPress,Google Analytics Dashboard for WordPress,,
google-analytics-enhanced-ecommerce,google-analytics,Google Analytics Enhanced eCommerce,,Google Analytics Enhanced eCommerce,
google-analytics-enhanced-link-attribution,google-analytics,Google Analytics Enhanced Link Attribution,Google Analytics Enhanced Link Attribution,,
google-analytics-event-tracking,google-analytics,Google Analytics Event Tracking,Google Analytics Event Tracking,,
google-analytics-forced-ssl,google-analytics,Google Analytics Forced SSL,Google Analytics Forced SSL,,
google-analytics-ip-anonymization,google-analytics,Google Analytics IP Anonymization,Google Analytics IP Anonymization,,
google-analytics-multiple-trackers,google-analytics,Google Analytics Multiple Trackers,Google Analytics Multiple Trackers,,
google-analytics-with-ad-tracking,google-analytics,Google Analytics with Ad Tracking,Google Analytics with Ad Tracking,,
google-universal-analytics,google-analytics,Google Universal Analytics,Google Universal Analytics,,
ssl-google-analytics,google-analytics,SSL Google Analytics,SSL Google Analytics,,
google-maps-api,google-maps,Google Maps API,Google Maps API,,
google-maps-for-work,google-maps,Google Maps for Work,Google Maps for Work,,
google-translate-widget,google-translate,Google Translate Widget,Google Translate Widget,,
html-4-01-transitional-dtd,html4,HTML 4.01 Transitional DTD,HTML 4.01 Transitional DTD,,
html-5-specific-tags,html5,HTML 5 Specific Tags,HTML 5 Specific Tags,,
html-5-video-audio-tags,html5,HTML 5 Video Audio Tags,HTML 5 Video Audio Tags,,
html5-history-api,html5,HTML5 History API,HTML5 History API,,
iis-10,iis,IIS 10,IIS 10,,
iis-3,iis,IIS 3,IIS 3,,
iis-4,iis,IIS 4,IIS 4,,
iis-5,iis,IIS 5,IIS 5,,
iis-6,iis,IIS 6,IIS 6,,
iis-7,iis,IIS 7,IIS 7,,
iis-8,iis,IIS 8,IIS 8,,
applet,java,Applet,Applet,,
java-ee,java,Java EE,Java EE,,
java-servlet,java,Java Servlet,Java Servlet,,
sun-java-system,java,Sun Java System,Sun Java System,,
joomla-,joomla,Joomla!,Joomla!,,
google-hosted-jquery,jquery,Google Hosted jQuery,Google Hosted jQuery,,
jquery-1-10-0,jquery,jQuery 1.10.0,jQuery 1.10.0,,
jquery-1-10-1,jquery,jQuery 1.10.1,jQuery 1.10.1,,
jquery-1-10-2,jquery,jQuery 1.10.2,jQuery 1.10.2,,
jquery-1-11-0,jquery,jQuery 1.11.0,jQuery 1.11.0,,
jquery-1-11-1,jquery,jQuery 1.11.1,jQuery 1.11.1,,
jquery-1-11-2,jquery,jQuery 1.11.2,jQuery 1.11.2,,
jquery-1-11-3,jquery,jQuery 1.11.3,jQuery 1.11.3,,
jquery-1-12-0,jquery,jQuery 1.12.0,jQuery 1.12.0,,
jquery-1-12-3,jquery,jQuery 1.12.3,jQuery 1.12.3,,
jquery-1-12-4,jquery,jQuery 1.12.4,jQuery 1.12.4,,
jquery-1-2-6,jquery,jQuery 1.2.6,jQuery 1.2.6,,
jquery-1-3-1,jquery,jQuery 1.3.1,jQuery 1.3.1,,
jquery-1-3-2,jquery,jQuery 1.3.2,jQuery 1.3.2,,
jquery-1-4,jquery,jQuery 1.4,jQuery 1.4,,
jquery-1-4-2,jquery,jQuery 1.4.2,jQuery 1.4.2,,
jquery-1-4-3,jquery,jQuery 1.4.3,jQuery 1.4.3,,
jquery-1-4-4,jquery,jQuery 1.4.4,jQuery 1.4.4,,
jquery-1-5-1,jquery,jQuery 1.5.1,jQuery 1.5.1,,
jquery-1-5-2,jquery,jQuery 1.5.2,jQuery 1.5.2,,
jquery-1-6,jquery,jQuery 1.6,jQuery 1.6,,
jquery-1-6-2,jquery,jQuery 1.6.2,jQuery 1.6.2,,
jquery-1-6-3,jquery,jQuery 1.6.3,jQuery 1.6.3,,
jquery-1-6-4,jquery,jQuery 1.6.4,jQuery 1.6.4,,
jquery-1-7,jquery,jQuery 1.7,jQuery 1.7,,
jquery-1-7-0,jquery,jQuery 1.7.0,jQuery 1.7.0,,
jquery-1-7-1,jquery,jQuery 1.7.1,jQuery 1.7.1,,
jquery-1-7-2,jquery,jQuery 1.7.2,jQuery 1.7.2,,
jquery-1-8-0,jquery,jQuery 1.8.0,jQuery 1.8.0,,
jquery-1-8-1,jquery,jQuery 1.8.1,jQuery 1.8.1,,
jquery-1-8-2,jquery,jQuery 1.8.2,jQuery 1.8.2,,
jquery-1-8-3,jquery,jQuery 1.8.3,jQuery 1.8.3,,
jquery-1-9-0,jquery,jQuery 1.9.0,jQuery 1.9.0,,
jquery-1-9-1,jquery,jQuery 1.9.1,jQuery 1.9.1,,
jquery-2-1-0,jquery,jQuery 2.1.0,jQuery 2.1.0,,
jquery-2-1-1,jquery,jQuery 2.1.1,jQuery 2.1.1,,
jquery-2-1-3,jquery,jQuery 2.1.3,jQuery 2.1.3,,
jquery-2-1-4,jquery,jQuery 2.1.4,jQuery 2.1.4,,
jquery-2-2-0,jquery,jQuery 2.2.0,jQuery 2.2.0,,
jquery-3-1-0,jquery,jQuery 3.1.0,jQuery 3.1.0,,
jquery-3-1-1,jquery,jQuery 3.1.1,jQuery 3.1.1,,
jquery-3-2-1,jquery,jQuery 3.2.1,jQuery 3.2.1,,
jquery-3-3-1,jquery,jQuery 3.3.1,jQuery 3.3.1,,
jquery-3-4-1,jquery,jQuery 3.4.1,jQuery 3.4.1,,
jquery-3-5-1,jquery,jQuery 3.5.1,jQuery 3.5.1,,
google-hosted-jquery-ui,jquery-ui,Google Hosted jQuery UI,Google Hosted jQuery UI,,
asp-net,microsoft-asp-net,ASP.NET,ASP.NET,,
asp-net-ajax,microsoft-asp-net,ASP.NET Ajax,ASP.NET Ajax,,
asp-net-mvc,microsoft-asp-net,ASP.NET MVC,ASP.NET MVC,,
azure-edge,microsoft-azure,Azure Edge,Azure Edge,,
microsoft-azure-blob-storage,microsoft-azure,Microsoft Azure Blob Storage,Microsoft Azure Blob Storage,,
mod_ssl-2-0-63,mod_ssl,mod_ssl 2.0.63,mod_ssl 2.0.63,,
mod_ssl-2-2-10,mod_ssl,mod_ssl 2.2.10,mod_ssl 2.2.10,,
mod_ssl-2-2-11,mod_ssl,mod_ssl 2.2.11,mod_ssl 2.2.11,,
mod_ssl-2-2-14,mod_ssl,mod_ssl 2.2.14,mod_ssl 2.2.14,,
mod_ssl-2-2-15,mod_ssl,mod_ssl 2.2.15,mod_ssl 2.2.15,,
mod_ssl-2-2-19,mod_ssl,mod_ssl 2.2.19,mod_ssl 2.2.19,,
mod_ssl-2-2-21,mod_ssl,mod_ssl 2.2.21,mod_ssl 2.2.21,,
mod_ssl-2-2-22,mod_ssl,mod_ssl 2.2.22,mod_ssl 2.2.22,,
mod_ssl-2-2-24,mod_ssl,mod_ssl 2.2.24,mod_ssl 2.2.24,,
mod_ssl-2-2-25,mod_ssl,mod_ssl 2.2.25,mod_ssl 2.2.25,,
mod_ssl-2-2-3,mod_ssl,mod_ssl 2.2.3,mod_ssl 2.2.3,,
mod_ssl-2-2-8,mod_ssl,mod_ssl 2.2.8,mod_ssl 2.2.8,,
mod_ssl-2-2-9,mod_ssl,mod_ssl 2.2.9,mod_ssl 2.2.9,,
mod_ssl-2-8-22,mod_ssl,mod_ssl 2.8.22,mod_ssl 2.8.22,,
mod_ssl-2-8-28,mod_ssl,mod_ssl 2.8.28,mod_ssl 2.8.28,,
mod_ssl-2-8-31,mod_ssl,mod_ssl 2.8.31,mod_ssl 2.8.31,,
modernizr-1-6,modernizr,Modernizr 1.6,Modernizr 1.6,,
modernizr-1-7,modernizr,Modernizr 1.7,Modernizr 1.7,,
modernizr-2-0,modernizr,Modernizr 2.0,Modernizr 2.0,,
modernizr-2-5,modernizr,Modernizr 2.5,Modernizr 2.5,,
modernizr-2-6,modernizr,Modernizr 2.6,Modernizr 2.6,,
modernizr-2-8,modernizr,Modernizr 2.8,Modernizr 2.8,,
moment-js,moment-js,Moment JS,Moment JS,,
moment-timezone,moment-js,Moment Timezone,,Moment Timezone,
nginx-0-6,nginx,nginx 0.6,nginx 0.6,,
nginx-0-7,nginx,nginx 0.7,nginx 0.7,,
nginx-1-1,nginx,nginx 1.1,nginx 1.1,,
nginx-1-10,nginx,nginx 1.10,nginx 1.10,,
nginx-1-12,nginx,Nginx 1.12,Nginx 1.12,,
nginx-1-14,nginx,Nginx 1.14,Nginx 1.14,,
nginx-1-15,nginx,Nginx 1.15,Nginx 1.15,,
nginx-1-16,nginx,Nginx 1.16,Nginx 1.16,,
nginx-1-17,nginx,Nginx 1.17,Nginx 1.17,,
nginx-1-4,nginx,nginx 1.4,nginx 1.4,,
nginx-1-6,nginx,nginx 1.6,nginx 1.6,,
openssl-0-9-6,openssl,OpenSSL 0.9.6,OpenSSL 0.9.6,,
openssl-0-9-7,openssl,OpenSSL 0.9.7,OpenSSL 0.9.7,,
openssl-0-9-8,openssl,OpenSSL 0.9.8,OpenSSL 0.9.8,,
openssl-1-0-0,openssl,OpenSSL 1.0.0,OpenSSL 1.0.0,,
openssl-1-0-1,openssl,OpenSSL 1.0.1,OpenSSL 1.0.1,,
php-7,php,PHP 7,PHP 7,,1
phpmyvisites,php-my-visits,phpMyVisites,phpMyVisites,,
polyfill-io,polyfill,Polyfill IO,Polyfill IO,,
popper-js,popper,Popper.js,Popper.js,,
python-2-5,python,Python 2.5,Python 2.5,,1
python-2-6,python,Python 2.6,Python 2.6,,1
python-2-7,python,Python 2.7,Python 2.7,,1
python-3-3,python,Python 3.3,Python 3.3,,1
qualtrics-site-intercept,qualtrics,Qualtrics Site Intercept,Qualtrics Site Intercept,,
recaptcha-v2,recaptcha,reCAPTCHA v2,reCAPTCHA v2,,
resin-3-1,resin,Resin 3.1,Resin 3.1,,
ruby-on-rails-token,ruby-on-rails,Ruby on Rails Token,Ruby on Rails Token,,1
slick-js,slick,Slick JS,Slick JS,,
stripe-v3,stripe,Stripe v3,Stripe v3,,
sun-one-web-server-v6-1,sun-one,Sun ONE Web Server v6.1,Sun ONE Web Server v6.1,,
typo3-cms,typo3,TYPO3 CMS,,TYPO3 CMS,1
varnish-5-x,varnish,Varnish 5.x,Varnish 5.x,,
vue,vue-js,Vue,Vue,,1
wordpress-2-5,wordpress,WordPress 2.5,WordPress 2.5,,1
wordpress-2-8,wordpress,WordPress 2.8,WordPress 2.8,,1
wordpress-3-3,wordpress,WordPress 3.3,WordPress 3.3,,1
wordpress-3-5,wordpress,WordPress 3.5,WordPress 3.5,,1
wordpress-3-6,wordpress,WordPress 3.6,WordPress 3.6,,1
wordpress-3-9,wordpress,Wordpress 3.9,Wordpress 3.9,,1
wordpress-4-0,wordpress,WordPress 4.0,WordPress 4.0,,1
wordpress-4-1,wordpress,Wordpress 4.1,Wordpress 4.1,,1
wordpress-4-7,wordpress,Wordpress 4.7,Wordpress 4.7,,1
wordpress-4-8,wordpress,Wordpress 4.8,Wordpress 4.8,,1
wordpress-4-9,wordpress,Wordpress 4.9,Wordpress 4.9,,1
wordpress-5-0,wordpress,Wordpress 5.0,Wordpress 5.0,,1
wordpress-5-2,wordpress,WordPress 5.2,WordPress 5.2,,1
wordpress-5-3,wordpress,WordPress 5.3,WordPress 5.3,,1
wordpress-5-4,wordpress,WordPress 5.4,WordPress 5.4,,1
wordpress-5-5,wordpress,WordPress 5.5,WordPress 5.5,,1
wordpress-5-6,wordpress,WordPress 5.6,WordPress 5.6,,1
wordpress-grid,wordpress,WordPress Grid,WordPress Grid,,1
wordpress-plugins,wordpress,Wordpress Plugins,Wordpress Plugins,,1
wordpress-super-cache,wordpress,WordPress Super Cache,,WordPress Super Cache,
wp-super-cache,wordpress-super-cache,WP Super Cache,WP Super Cache,,
wow-slider,wow,WOW Slider,WOW Slider,,
xhtml-transitional,xhtml,XHTML Transitional,XHTML Transitional,,
xhtml-vocabulary,xhtml,XHTML Vocabulary,XHTML Vocabulary,,
yahoo-geocities-analytics,yahoo-analytics,Yahoo Geocities Analytics,Yahoo Geocities Analytics,,
yoast-google-analytics-for-wordpress,yahoo-analytics,Yoast Google Analytics for WordPress,Yoast Google Analytics for WordPress,,
yui,yui,YUI,,YUI,1
yui3,yui,YUI3,YUI3,,1
zoom-video-conferencing,zoom,Zoom Video Conferencing,Zoom Video Conferencing,,
51-la,,51.la,51.la,,
960-gs,,960.gs,960.gs,,
ac-quicktime,,AC Quicktime,AC Quicktime,,
addthis,,AddThis,AddThis,AddThis,
addtoany,,AddToAny,,AddToAny,
addtocalendar,,AddToCalendar,AddToCalendar,,
adobe-active-content,,Adobe Active Content,Adobe Active Content,,
adobe-analytics,,Adobe Analytics,Adobe Analytics,Adobe Analytics,
adobe-coldfusion,,Adobe ColdFusion,Adobe ColdFusion,,1
adobe-cq,,Adobe CQ,Adobe CQ,,
adobe-cross-domain-configuration,,Adobe Cross Domain Configuration,Adobe Cross Domain Configuration,,
adobe-dtm,,Adobe DTM,,Adobe DTM,
adobe-experience-manager,,Adobe Experience Manager,Adobe Experience Manager,Adobe Experience Manager,
flash,,Adobe Flash,,,1
adobe-golive,,Adobe GoLive,Adobe GoLive,Adobe GoLive,1
adobe-pagemill,,Adobe PageMill,Adobe PageMill,,1
adobe-spry,,Adobe Spry,Adobe Spry,,
adroll,,AdRoll,AdRoll,AdRoll,
ajax-libraries-api,,AJAX Libraries API,AJAX Libraries API,,
akamai,,Akamai,Akamai,,
all-in-one-seo-pack,,All in One SEO Pack,All in One SEO Pack,,
alternate-protocol,,Alternate Protocol,Alternate Protocol,,
s3,,Amazon S3,Amazon S3,,1
amp,,AMP,,AMP,1
angular-js,,Angular JS,Angular JS,,1
animate-css,,animate.css,,animate.css,
anythingslider,,AnythingSlider,AnythingSlider,,
apache,,Apache,Apache,,
apache-tomcat,,Apache Tomcat,,,
appdynamics,,AppDynamics,AppDynamics,AppDynamics,
apple-mobile-web,,Apple Mobile Web,,,
application-request-routing,,Application Request Routing,Application Request Routing,,
applyweb,,ApplyWeb,ApplyWeb,,
appnexus,,AppNexus,AppNexus,AppNexus,
appnexus-segment-pixel,,AppNexus Segment Pixel,AppNexus Segment Pixel,,
arcgis,,ArcGIS,ArcGIS,,
atg-click-to-call,,ATG Click to Call,ATG Click to Call,,
atlassian-jira-issue-collector,,Atlassian JIRA Issue Collector,Atlassian JIRA Issue Collector,Atlassian JIRA Issue Collector,
atom,,Atom,Atom,,
atomz,,Atomz,Atomz,,
auth-passthrough,,Auth Passthrough,Auth Passthrough,,
autoptimize,,Autoptimize,Autoptimize,,
awstats,,AWStats,AWStats,,
axios,,Axios,Axios,,
babel,,Babel,,Babel,
backbone-js,,Backbone.js,Backbone.js,Backbone.js,1
background-sound,,Background Sound,Background Sound,,
big-ip,,BIG-IP,BIG-IP,,
blackbaud,,Blackbaud,Blackbaud,,
blink-element,,Blink Element,Blink Element,,
blogger,,Blogger,Blogger,,
bloomreach,,Bloomreach,,Bloomreach,
blueconic,,BlueConic,BlueConic,,
bootstrap,,Bootstrap,,Bootstrap,1
box-over,,Box Over,Box Over,,
brightcove,,Brightcove,Brightcove,,
brightedge,,BrightEdge,BrightEdge,,
browse-happy,,Browse Happy,Browse Happy,,
browser-update,,Browser-Update,Browser-Update,,
buysellads,,BuySellAds,,BuySellAds,
bxslider,,bxSlider,bxSlider,,
cache-control,,Cache Control,Cache Control,,
campaignmonitor,,Campaign Monitor,Campaign Monitor,,
canonical-content-tag,,Canonical Content Tag,Canonical Content Tag,,
carbon-ads,,Carbon Ads,,Carbon Ads,
caroufredsel,,carouFredSel,carouFredSel,,
cart-functionality,,Cart Functionality,,Cart Functionality,
css,,Cascading Style Sheets,Cascading Style Sheets,,
cashnet,,Cashnet,Cashnet,,
cdn-js,,CDN JS,CDN JS,,
centos,,CentOS,CentOS,,
chart-js,,Chart.js,,Chart.js,
chartbeat,,Chartbeat,Chartbeat,Chartbeat,
cisco-arrowpoint-content-service-switch,,Cisco/Arrowpoint Content Service Switch,Cisco/Arrowpoint Content Service Switch,,
citrix-netscaler,,Citrix NetScaler,Citrix NetScaler,,
ckeditor,,CKEditor,CKEditor,CKEditor,
clarivate,,Clarivate,Clarivate,,
clickheat,,Clickheat,Clickheat,Clickheat,
clicky,,Clicky,Clicky,,
clipboard-js,,Clipboard.js,,Clipboard.js,
cloudflare-js,,Cloudflare JS,Cloudflare JS,,
cloudfront,,CloudFront,CloudFront,,
cludo,,Cludo,Cludo,,
codemirror,,CodeMirror,CodeMirror,,
collegeoruniversity-schema,,CollegeOrUniversity Schema,CollegeOrUniversity Schema,,
concrete5,,Concrete5,Concrete5,Concrete5,1
conditional-comments,,Conditional Comments,Conditional Comments,,
constant-contact,,Constant Contact,Constant Contact,,
contact-form-7,,Contact Form 7,Contact Form 7,,
contactpoint-schema,,ContactPoint Schema,ContactPoint Schema,,
cdn,,Content Delivery Network,Content Delivery Network,,
content-security-policy,,Content Security Policy,Content Security Policy,,
content-style-type,,Content Style Type,Content Style Type,,
content-type-options,,Content Type Options,Content Type Options,,
convio,,Convio,Convio,,
cookie-consent-by-osano,,Cookie Consent by Osano,Cookie Consent by Osano,,
cookie-notice,,Cookie Notice,Cookie Notice,,
cors,,CORS,CORS,,
crazy-egg,,Crazy Egg,,Crazy Egg,
createjs,,CreateJS,CreateJS,,
creative-commons,,Creative Commons,Creative Commons,,1
creativework-schema,,CreativeWork Schema,CreativeWork Schema,,
css3-mediaqueries-js,,css3-mediaqueries.js,css3-mediaqueries.js,,
cufon,,cufón,cufón,,
datatables,,DataTables,DataTables,DataTables,
dav,,DAV,DAV,,
day-js,,Day.js,Day.js,Day.js,
debian,,Debian,Debian,,
deepmetrix,,DeepMetrix,DeepMetrix,,
delicious,,Del.icio.us,Del.icio.us,,
digg,,Digg,Digg,,
disqus,,Disqus,,Disqus,
divi,,Divi,Divi,,
dnn,,DNN,,DNN,
dns-prefetch,,DNS Prefetch,DNS Prefetch,,
document-class,,Document Class,Document Class,,
document-rights,,Document Rights,Document Rights,,
dojo,,Dojo,,Dojo,
dotcms,,dotCMS,dotCMS,,1
doubleclick-floodlight,,DoubleClick Floodlight,DoubleClick Floodlight,,
doubleclick-net,,DoubleClick.Net,DoubleClick.Net,,
dreamweaver,,DreamWeaver,,DreamWeaver,
drupal,,Drupal,Drupal,Drupal,1
dstillery,,Dstillery,Dstillery,,
dublin-core,,Dublin Core,Dublin Core,,1
duda,,Duda,,Duda,
dynatrace,,Dynatrace,Dynatrace,,
eab,,EAB,EAB,,
easy-pie-chart,,Easy Pie Chart,Easy Pie Chart,,
ecmascript-5-shim,,ECMAScript 5 Shim,ECMAScript 5 Shim,,
educationalorganization-schema,,EducationalOrganization Schema,EducationalOrganization Schema,,
ektron,,Ektron,Ektron,,
elsevier,,Elsevier,Elsevier,,1
ember-js,,Ember,,,
emma-inc,,Emma Inc,Emma Inc,,
endeca,,Endeca,Endeca,,
enquire-js,,Enquire JS,Enquire JS,,
enyo,,Enyo,,Enyo,
equal-heights,,Equal Heights,Equal Heights,,
ethnio,,Ethnio,Ethnio,,
euro,,Euro,Euro,,
event-schema,,Event Schema,Event Schema,,
eventon,,EventOn,EventOn,,
everyaction,,EveryAction,EveryAction,,
ex-libris,,Ex Libris,Ex Libris,,1
exhibit,,Exhibit,,Exhibit,
explorer-canvas,,Explorer Canvas,Explorer Canvas,,
ext-js,,Ext JS,Ext JS,,
facebook,,Facebook,,Facebook,
facebook-conversion-tracking,,Facebook Conversion Tracking,Facebook Conversion Tracking,,
facebook-custom-audiences,,Facebook Custom Audiences,Facebook Custom Audiences,,
facebook-domain-insights,,Facebook Domain Insights,Facebook Domain Insights,,
facebook-graph-api,,Facebook Graph API,Facebook Graph API,,
facebook-page-administration,,Facebook Page Administration,Facebook Page Administration,,
facebook-pixel,,Facebook Pixel,Facebook Pixel,,
facebook-sdk,,Facebook SDK,Facebook SDK,,
facebook-sharer,,Facebook Sharer,Facebook Sharer,,
facebook-sign-in,,Facebook Sign-in,,Facebook Sign-in,
fancybox,,Fancybox,Fancybox,Fancybox,
featherlight,,Featherlight,Featherlight,,
feature-policy,,Feature Policy,Feature Policy,,
fedora,,Fedora,Fedora,,
feedburner,,FeedBurner,FeedBurner,,
feedwind,,FeedWind,FeedWind,,
fingerprintjs,,Fingerprintjs,,Fingerprintjs,
fitvids-js,,FitVids.JS,FitVids.JS,,
flexslider,,FlexSlider,FlexSlider,FlexSlider,
flickity,,Flickity,,Flickity,
flickr-badge,,Flickr Badge,Flickr Badge,,
flickr-photostream,,Flickr PhotoStream,Flickr PhotoStream,,
flowplayer,,Flowplayer,Flowplayer,,
flv-player,,FLV Player,FLV Player,,
foaf,,FOAF,FOAF,,1
font-awesome,,Font Awesome,Font Awesome,Font Awesome,1
fontdeck,,Fontdeck,Fontdeck,,
fonts-com,,Fonts.com,Fonts.com,,
foresee-results,,ForeSee Results,ForeSee Results,,
formalize-css,,Formalize CSS,Formalize CSS,,
formidable-pro-form,,Formidable Pro Form,Formidable Pro Form,,
formstack,,Formstack,Formstack,,
foundation,,Foundation,Foundation,,
frameset,,Frameset,Frameset,,
freebsd,,FreeBSD,FreeBSD,,
friends-network,,Friends Network,Friends Network,,
frontpage,,FrontPage,,FrontPage,
froogaloop,,Froogaloop,Froogaloop,,
fullcalendar,,FullCalendar,FullCalendar,,
gatsby,,Gatsby,,Gatsby,1
gaug-es,,Gaug.es,Gaug.es,,
gauges,,Gauges,,Gauges,
geocoordinates-schema,,GeoCoordinates Schema,GeoCoordinates Schema,,
geographic-information,,Geographic Information,Geographic Information,,
global-site-tag,,Global Site Tag,Global Site Tag,,
globalsign-domain-verification,,GlobalSign Domain Verification,GlobalSign Domain Verification,,
glyphicons,,Glyphicons,,Glyphicons,
gnu-terry-pratchett,,GNU Terry Pratchett,GNU Terry Pratchett,,
google-adsense-for-search,,Google Adsense for Search,Google Adsense for Search,,
google-adwords-conversion,,Google AdWords Conversion,Google AdWords Conversion,,
google-analyticator,,Google Analyticator,Google Analyticator,,
google-analytics,,Google Analytics,Google Analytics,Google Analytics,
google-api,,Google API,Google API,,
google-calendar,,Google Calendar,Google Calendar,,
google-charts,,Google Charts,Google Charts,,
google-chrome-frame-popup,,Google Chrome Frame Popup,Google Chrome Frame Popup,,
google-chrome-ie-frame,,Google Chrome IE Frame,Google Chrome IE Frame,,
google-code-prettify,,Google Code Prettify,,Google Code Prettify,
google-conversion-tracking,,Google Conversion Tracking,Google Conversion Tracking,,
google-custom-search,,Google Custom Search,Google Custom Search,,
google-docs-widget,,Google Docs Widget,Google Docs Widget,,
google-feedproxy,,Google FeedProxy,Google FeedProxy,,
google-font-api,,Google Font API,Google Font API,Google Font API,
google-front-end,,Google Front End,Google Front End,,
google-hosted-libraries,,Google Hosted Libraries,Google Hosted Libraries,,
google-hosted-web-font-loader,,Google Hosted Web Font Loader,Google Hosted Web Font Loader,,
google-js-api,,Google JS Api,Google JS Api,,
google-maps,,Google Maps,Google Maps,Google Maps,
google-optimize-360,,Google Optimize 360,Google Optimize 360,,
google-plus,,Google Plus,,Google Plus,
google-plus-one-publisher,,Google Plus One Publisher,Google Plus One Publisher,,
google-plus-one-snippet,,Google Plus One Snippet,Google Plus One Snippet,,
google-remarketing,,Google Remarketing,Google Remarketing,,
google-search-appliance,,Google Search Appliance,Google Search Appliance,,
google-sites,,Google Sites,Google Sites,,
google-tag-manager,,Google Tag Manager,Google Tag Manager,Google Tag Manager,
google-translate,,Google Translate,,,
google-webmaster,,Google Webmaster,Google Webmaster,,
gravity-forms,wordpress,Gravity Forms,Gravity Forms,Gravity Forms,
gsap,,GSAP,GSAP,GSAP,
gstatic-google-static-content,,GStatic Google Static Content,GStatic Google Static Content,,
gzip-module,,GZIP Module,GZIP Module,,
hammer-js,,Hammer.js,,Hammer.js,
handheld-friendly,,Handheld Friendly,Handheld Friendly,,
handlebars,,Handlebars,Handlebars,Handlebars,
headjs,,HeadJS,,HeadJS,
heatmap-it,,Heatmap IT,Heatmap IT,,
hier-menus,,Hier Menus,Hier Menus,,
highlight-js,,Highlight.js,,Highlight.js,
hippo,,Hippo,Hippo,,
histats,,Histats,Histats,,
hitslink,,Hitslink,Hitslink,,
hotjar,,Hotjar,Hotjar,Hotjar,
hover-intent,,Hover Intent,Hover Intent,,
hsts,,HSTS,HSTS,,
hsts-includesubdomains-preload,,HSTS IncludeSubdomains PreLoad,HSTS IncludeSubdomains PreLoad,,
html4,,HTML 4 / 4.01 Strict,HTML 4 / 4.01 Strict,,
html-imports,,HTML Imports,HTML Imports,,
html-tidy,,HTML Tidy,HTML Tidy,,
html5-boilerplate,,HTML5 Boilerplate,HTML5 Boilerplate,,
html5,,HTML5 DocType,HTML5 DocType,,
html5shiv,,html5shiv,html5shiv,,
hubspot,,Hubspot,Hubspot,Hubspot,
hubspot-forms,,Hubspot Forms,Hubspot Forms,,
hugo,,Hugo,Hugo,Hugo,
humans-txt,,Humans TXT,Humans TXT,,
ibm-http-server,,IBM HTTP Server,IBM HTTP Server,,
ie7-js,,ie7-js,ie7-js,,
iframe,,IFrame,IFrame,,
iis,,IIS,IIS,IIS,
image-map,,Image Map,Image Map,,
image-tool-bar,,Image Tool Bar,Image Tool Bar,,
imagesloaded,,imagesLoaded,imagesLoaded,,
imgix,,Imgix,Imgix,,
imgur,,Imgur,Imgur,,
imodules,,iModules,iModules,,
incapsula-cdn,,Incapsula CDN,Incapsula CDN,,
infinite-scroll,,Infinite Scroll,Infinite Scroll,,
informer,,Informer,Informer,,
inspectlet,,Inspectlet,Inspectlet,Inspectlet,
instafeed-js,,Instafeed.js,Instafeed.js,,
ipad-compatible,,iPad Compatible,iPad Compatible,,
iphone-mobile-compatible,,IPhone / Mobile Compatible,IPhone / Mobile Compatible,,
ironpoint,,IronPoint,IronPoint,,
iso-iec-8859,,ISO/IEC 8859,ISO/IEC 8859,,
isotope,,Isotope,Isotope,,
java,,Java,,Java,
javascript,,Javascript,Javascript,,
javascript-defer,,Javascript Defer,Javascript Defer,,
javascript-infovis-toolkit,,JavaScript Infovis Toolkit,,JavaScript Infovis Toolkit,
javascript-tooltips,,Javascript Tooltips,Javascript Tooltips,,
jboss,,JBoss,JBoss,,
jcarousel,,JCarousel,JCarousel,,
jcarousel-lite,,JCarousel Lite,JCarousel Lite,,
jetpack,,Jetpack,Jetpack,,
jetty,,Jetty,Jetty,,
joomla,,Joomla,,Joomla,1
jotform,,JotForm,JotForm,,
jqbootstrapvalidation,,jqBootstrapValidation,jqBootstrapValidation,,
jquery,,jQuery,jQuery,jQuery,1
jquery-autocomplete,,jQuery Autocomplete,jQuery Autocomplete,,
jquery-bbq,,jQuery BBQ,jQuery BBQ,,
jquery-bgiframe,,jQuery bgiframe,jQuery bgiframe,,
jquery-blockui,,jQuery BlockUI,jQuery BlockUI,,
jquery-cdn,,jQuery CDN,jQuery CDN,,
jquery-colorbox,,jQuery Colorbox,jQuery Colorbox,,
jquery-cookie,,jQuery Cookie,jQuery Cookie,,
jquery-countdown,,jQuery Countdown,jQuery Countdown,,
jquery-custom-content-scroller,,jQuery Custom Content Scroller,jQuery Custom Content Scroller,,
jquery-cycle,,jQuery Cycle,jQuery Cycle,,
jquery-dimensions,,jQuery Dimensions,jQuery Dimensions,,
jquery-easing,,jQuery Easing,jQuery Easing,,
jquery-flash,,jQuery Flash,jQuery Flash,,
jquery-form,,jQuery Form,jQuery Form,,
jquery-hotlink,,jQuery HotLink,jQuery HotLink,,
jquery-marquee,,jQuery Marquee,jQuery Marquee,,
jquery-masonry,,jQuery Masonry,jQuery Masonry,,
jquery-metadata,,jQuery Metadata,jQuery Metadata,,
jquery-migrate,,jQuery Migrate,,jQuery Migrate,
jquery-mobile,,jQuery Mobile,,jQuery Mobile,
jquery-mousewheel,,jQuery Mousewheel,jQuery Mousewheel,,
jquery-noconflict,,jQuery NoConflict,jQuery NoConflict,,
jquery-once,,jQuery Once,jQuery Once,,
jquery-placeholder,,jQuery Placeholder,jQuery Placeholder,,
jquery-pngfix,,jQuery pngfix,jQuery pngfix,,
jquery-prettyphoto,,jQuery prettyPhoto,jQuery prettyPhoto,,
jquery-qtip,,jQuery QTip,jQuery QTip,,
jquery-quicksand,,jQuery QuickSand,jQuery QuickSand,,
jquery-scrollto,,jQuery ScrollTo,jQuery ScrollTo,,
jquery-sparklines,,jQuery Sparklines,,jQuery Sparklines,
jquery-tools,,jQuery Tools,jQuery Tools,,
jquery-tooltip,,jQuery Tooltip,jQuery Tooltip,,
jquery-translate,,jQuery Translate,jQuery Translate,,
jquery-ui,,jQuery UI,jQuery UI,jQuery UI,
jquery-ui-mouse,,jQuery UI Mouse,jQuery UI Mouse,,
jquery-ui-tabs,,jQuery UI Tabs,jQuery UI Tabs,,
jquery-validate,,jQuery Validate,jQuery Validate,,
jquery-waypoints,,jQuery Waypoints,jQuery Waypoints,,
jrun,,JRun,JRun,,
jscrollpane,,jScrollPane,jScrollPane,,
jsdelivr,,jsDelivr,jsDelivr,jsDelivr,
json-ld,,JSON-LD,JSON-LD,,
jw-player,,JW Player,JW Player,,
jw-player-tracking,,JW Player Tracking,JW Player Tracking,,
kaltura,,Kaltura,Kaltura,,
kentico-cms,,Kentico CMS,,Kentico CMS,1
kentico-xperience,,Kentico Xperience,Kentico Xperience,,
ladda-ui,,Ladda UI,Ladda UI,,
lazysizes,,lazySizes,lazySizes,,
libraryh3lp,,LibraryH3lp,LibraryH3lp,,
license-buttons,,License Buttons,License Buttons,,
lightbox,,Lightbox,Lightbox,Lightbox,
limiter-modules,,Limiter Modules,Limiter Modules,,
linkedin-ads,,LinkedIn Ads,LinkedIn Ads,,
linkedin-insight-tag,,Linkedin Insight Tag,,Linkedin Insight Tag,
linkedin-insights,,LinkedIn Insights,LinkedIn Insights,,
liquid-web,,Liquid Web,Liquid Web,,
list-js,,List.js,,List.js,
live-writer-support,,Live Writer Support,Live Writer Support,,
livechat,,LiveChat,,LiveChat,
liveperson,,LivePerson,LivePerson,,
lodash,,lodash,lodash,lodash,1
lotus-domino,,Lotus Domino,Lotus Domino,,
lytebox,,Lytebox,Lytebox,,
m3u-stream,,M3U Stream,M3U Stream,,
magnific-popup,,Magnific Popup,Magnific Popup,,
mailchimp,,MailChimp,MailChimp,MailChimp,
mailpoet,,MailPoet,MailPoet,,
mambo,,Mambo,Mambo,Mambo,1
marin-software,,Marin Software,Marin Software,,
marquee,,Marquee,Marquee,,
matchmedia,,matchMedia,matchMedia,,
material-design-for-bootstrap,bootstrap,Material Design for Bootstrap,Material Design for Bootstrap,,
materialize-css,,Materialize CSS,Materialize CSS,Materialize CSS,
matomo,,Matomo,Matomo,,1
matomo-analytics,,Matomo Analytics,,Matomo Analytics,
matomo-cloud,,Matomo Cloud,Matomo Cloud,,
matomo-tag-manager,,Matomo Tag Manager,Matomo Tag Manager,Matomo Tag Manager,
matterport,,Matterport,Matterport,,
mediaelement-js,,MediaElement.js,MediaElement.js,MediaElement.js,
mediamind,,MediaMind,MediaMind,,
meebo,,Meebo,Meebo,,
meta-description,,Meta Description,Meta Description,,
meta-keywords,,Meta Keywords,Meta Keywords,,
meta-robot,,Meta Robot,Meta Robot,,
microdata,,Microdata,Microdata,,
microsoft-ajax-content-delivery-network,,Microsoft Ajax Content Delivery Network,Microsoft Ajax Content Delivery Network,,
microsoft-asp-net,,Microsoft ASP.NET,,Microsoft ASP.NET,1
microsoft-azure,,Microsoft Azure,,,
microsoft-frontpage,,Microsoft Frontpage,Microsoft Frontpage,,1
microsoft-office,,Microsoft Office,Microsoft Office,,
microsoft-office-sharepoint,,Microsoft Office SharePoint,Microsoft Office SharePoint,,
microsoft-office-web-server,,Microsoft Office Web Server,Microsoft Office Web Server,,
microsoft-publisher,,Microsoft Publisher,,Microsoft Publisher,1
microsoft-sharepoint,,Microsoft SharePoint,,Microsoft SharePoint,
microsoft-sharepoint-server-2013,,Microsoft SharePoint Server 2013,Microsoft SharePoint Server 2013,,
microsoft-translator,,Microsoft Translator,Microsoft Translator,,
microsoft-word,,Microsoft Word,Microsoft Word,Microsoft Word,
milonic,,Milonic,Milonic,,
mm-menu,,MM Menu,MM Menu,,
mobile-non-scaleable-content,,Mobile Non Scaleable Content,Mobile Non Scaleable Content,,
mobile-optimized,,Mobile Optimized,Mobile Optimized,,
mobilecause,,MobileCause,MobileCause,,
mobilemenu,,Mobilemenu,Mobilemenu,,
mod_ssl,,mod_ssl,mod_ssl,,
mod_wsgi,,mod_wsgi,mod_wsgi,,
modernizr,,Modernizr,Modernizr,Modernizr,
mollom,,Mollom,Mollom,,
moment-js,,Moment.js,,Moment.js,
monsido,,Monsido,Monsido,,
monsterinsights,,MonsterInsights,MonsterInsights,,
mootools,,MooTools,MooTools,MooTools,1
morris-js,,morris.js,morris.js,,
mouse-flow,,Mouse Flow,,Mouse Flow,
mouseflow,,Mouseflow,Mouseflow,,
ms-smart-tag-prevention,,MS Smart Tag Prevention,MS Smart Tag Prevention,,
msn-bing-webmaster,,MSN/Bing Webmaster,MSN/Bing Webmaster,,
mustache,,Mustache,Mustache,Mustache,
myfonts,,MyFonts,MyFonts,,
mysql,,MySQL,,MySQL,
mywebsite,,MyWebsite,,MyWebsite,
ncsa-httpd,,NCSA HTTPd,NCSA HTTPd,,
neoncrm,,NeonCRM,NeonCRM,,
netlify,,Netlify,Netlify,,
netobjects-fusion,,NetObjects Fusion,NetObjects Fusion,,
netscape-commerce,,Netscape Commerce,Netscape Commerce,,
netscape-enterprise-server,,Netscape Enterprise Server,Netscape Enterprise Server,,
netscape-fasttrack,,Netscape Fasttrack,Netscape Fasttrack,,
new-relic,,New Relic,New Relic,New Relic,
nextgen-gallery,,NextGEN Gallery,NextGEN Gallery,NextGEN Gallery,
nginx,,nginx,nginx,nginx,
niche-academy,,Niche Academy,Niche Academy,,
nifty-corners,,Nifty Corners,Nifty Corners,,
nivo-slider,,Nivo Slider,Nivo Slider,,
normalize-css,,Normalize CSS,Normalize CSS,,1
norton-safe-web,,Norton Safe Web,Norton Safe Web,,
nwmatcher,,NWMatcher,NWMatcher,,
oembed,,oEmbed,oEmbed,,
omniture-sitecatalyst,,Omniture SiteCatalyst,Omniture SiteCatalyst,,
omniupdate,,OmniUpdate,OmniUpdate,,
onetrust,,OneTrust,OneTrust,OneTrust,
open-graph-protocol,,Open Graph Protocol,Open Graph Protocol,,
openinghoursspecification-schema,,OpeningHoursSpecification Schema,OpeningHoursSpecification Schema,,
opensearch,,OpenSearch,OpenSearch,,
openssl,,OpenSSL,OpenSSL,,
optanon,,Optanon,Optanon,,
optimizely,,Optimizely,Optimizely,Optimizely,
oracle-instant-service,,Oracle Instant Service,Oracle Instant Service,,
orchard,orchard-cms,Orchard,Orchard,,1
orchard-cms,,Orchard CMS,,Orchard CMS,1
organization-schema,,Organization Schema,Organization Schema,,
orgsync,,OrgSync,OrgSync,,
osano,,Osano,,Osano,
oss-cdn,,OSS CDN,OSS CDN,,
overlib,,overLIB,overLIB,,
owl-carousel,,OWL Carousel,OWL Carousel,OWL Carousel,
p3p-policy,,P3P Policy,P3P Policy,,
pantheon,,Pantheon,Pantheon,,
paperthin-common-spot,,Paperthin Common Spot,Paperthin Common Spot,,
parallels-plesk-panel,,Parallels Plesk Panel,Parallels Plesk Panel,,
parcel,,parcel,,parcel,
pardot,,Pardot,,Pardot,
paypal,,PayPal,,PayPal,
percussion,,Percussion,,Percussion,
perl,,Perl,Perl,Perl,1
person-schema,,Person Schema,Person Schema,,
photoswipe,,PhotoSwipe,PhotoSwipe,,
php,,PHP,PHP,PHP,1
php-my-visits,,PHP My Visits,PHP My Visits,,
phusion-passenger,,Phusion Passenger,Phusion Passenger,,
picasa-slideshow,,Picasa Slideshow,Picasa Slideshow,,
piclens-lite,,Piclens Lite,Piclens Lite,,
picosearch,,PicoSearch,PicoSearch,,
picture-element,,Picture Element,Picture Element,,
picturefill,,Picturefill,Picturefill,,
pingback-support,,Pingback Support,Pingback Support,,
pinterest,,Pinterest,Pinterest,Pinterest,
pinterest-domain-verify,,Pinterest Domain Verify,Pinterest Domain Verify,,
pixabay,,Pixabay,Pixabay,,
place-schema,,Place Schema,Place Schema,,
placehold-it,,Placehold IT,Placehold IT,,
placeholder,,Placeholder,Placeholder,,
platform-for-internet-content-selection,,Platform for Internet Content Selection,Platform for Internet Content Selection,,
plone,,Plone,Plone,Plone,1
png-fix,,PNG Fix,PNG Fix,,
polyfill,,Polyfill,,Polyfill,
popper,,Popper,,Popper,
postaladdress-schema,,PostalAddress Schema,PostalAddress Schema,,
powerpc,,PowerPC,PowerPC,,
prettyphoto,,prettyPhoto,,prettyPhoto,
prettyprint,,PrettyPrint,PrettyPrint,,
professionalservice-schema,,ProfessionalService Schema,ProfessionalService Schema,,
project-seven-popup-menu,,Project Seven Popup Menu,Project Seven Popup Menu,,
proofpoint-url-defense,,Proofpoint URL Defense,Proofpoint URL Defense,,
prototype,,Prototype,Prototype,Prototype,
publitas,,Publitas,Publitas,,
purl,,Purl,Purl,,
python,,Python,Python,Python,1
qualaroo,,Qualaroo,Qualaroo,,
qualtrics,,Qualtrics,Qualtrics,,
quantcast-choice,,Quantcast Choice,,Quantcast Choice,
quantcast-measure,,Quantcast Measure,,Quantcast Measure,
quantcast-measurement,,Quantcast Measurement,Quantcast Measurement,,
raphael,,Raphael,,Raphael,
rasci,,RASCi,RASCi,,
raven-js,,Raven JS,Raven JS,,
rawgit,,RawGit,RawGit,,
rdf,,RDF,RDF,,
reachlocal,,ReachLocal,ReachLocal,,
react,,React,React,React,1
really-simple-discovery,,Really Simple Discovery,Really Simple Discovery,,
recaptcha,,reCAPTCHA,reCAPTCHA,reCAPTCHA,
red-hat-enterprise-linux,,Red Hat Enterprise Linux,Red Hat Enterprise Linux,,
reddit,,Reddit,Reddit,Reddit,
referrer-policy,,Referrer Policy,Referrer Policy,,
reinvigorate,,Reinvigorate,Reinvigorate,Reinvigorate,
report-uri-csp,,Report URI CSP,Report URI CSP,,
requirejs,,RequireJS,RequireJS,RequireJS,
resin,,Resin,Resin,,
respond,,Respond,Respond,,
retina-js,,Retina JS,Retina JS,,
reveal-js,,Reveal.js,,Reveal.js,
revisit-after,,Revisit After,Revisit After,,
revslider,,Revslider,,Revslider,
roknavmenu,,RokNavMenu,RokNavMenu,,
royalslider,,RoyalSlider,RoyalSlider,,
rss,,RSS,RSS,,
rtmp-stream,,RTMP Stream,RTMP Stream,,
ruby,,Ruby,,Ruby,1
ruby-on-rails,,Ruby on Rails,Ruby on Rails,Ruby on Rails,1
ruzeeborders,,ruzeeborders,ruzeeborders,,
salient,,Salient,Salient,,
script-aculo-us,,script.aculo.us,script.aculo.us,script.aculo.us,
select2,,Select2,,Select2,
selectivizr,,selectivizr,selectivizr,,
semantic-ui,,Semantic UI,Semantic UI,Semantic UI,
sentry,,Sentry,Sentry,Sentry,
service-worker,,Service Worker,Service Worker,,
shadowbox,,Shadowbox,Shadowbox,,
sharethis,,ShareThis,ShareThis,ShareThis,
shepherd,,Shepherd,Shepherd,,
showclix,,ShowClix,ShowClix,,
shutterstock,,Shutterstock,Shutterstock,,
sidr,,sidr,sidr,,
sifr,,sIFR,sIFR,sIFR,
signal,,Signal,Signal,Signal,
silktide-cookie-consent,,Silktide Cookie Consent,Silktide Cookie Consent,,
silverstripe,,SilverStripe,SilverStripe,SilverStripe,
simple-sitemap,,Simple Sitemap,Simple Sitemap,,
simpli-fi,,Simpli.fi,Simpli.fi,,
sioc,,SIOC,SIOC,,
site-executive,,Site Executive,Site Executive,,
sitecore,sitecore-cms,Sitecore,,Sitecore,1
sitecore-cms,,Sitecore CMS,Sitecore CMS,,1
siteimprove,,Siteimprove,Siteimprove,,
sitelinks-search-box,,Sitelinks Search Box,Sitelinks Search Box,,
sizmek,,Sizmek,,Sizmek,
skos,,SKOS,SKOS,,
skrollr,,Skrollr,Skrollr,,
slick,,Slick,,Slick,
smart-app-banner,,Smart App Banner,Smart App Banner,,
smartcrawl,,SmartCrawl,SmartCrawl,,
sothink-html-menu,,SoThink HTML Menu,SoThink HTML Menu,,
soundmanager2,,soundmanager2,soundmanager2,,
specific-media,,Specific Media,Specific Media,,
spectate,,Spectate,Spectate,,
squarespace,,Squarespace,Squarespace,Squarespace,1
squid,,Squid,Squid,,
srcset,,srcset,srcset,,
stackpath-bootstrapcdn,,StackPath BootstrapCDN,StackPath BootstrapCDN,,
statcounter,,StatCounter,StatCounter,StatCounter,
stellar-js,,Stellar.js,Stellar.js,,
stream,,Stream,Stream,,
strict-transport-security,,Strict Transport Security,Strict Transport Security,,
stripe,,Stripe,Stripe,Stripe,
stumbleupon,,Stumbleupon,Stumbleupon,,
style-switcher,,Style Switcher,Style Switcher,,
sub-resource-integrity,,Sub Resource Integrity,Sub Resource Integrity,,
subversion,,Subversion,Subversion,,
sucuri-cloudproxy,,Sucuri Cloudproxy,Sucuri Cloudproxy,,
suhosin,,Suhosin,Suhosin,,
sun-one,,Sun ONE Web Server,Sun ONE Web Server,,
superfish-menu,,SuperFish Menu,SuperFish Menu,,
supersized,,Supersized,,Supersized,
survicate,,Survicate,Survicate,,
swfobject,,SWFObject,SWFObject,SWFObject,
swipe-js,,Swipe JS,Swipe JS,,
swiper-slider,,Swiper Slider,,Swiper Slider,
symplicity,,Symplicity,Symplicity,,
tablesorter,,Tablesorter,Tablesorter,,
taleo,,Taleo,Taleo,,
tawk-to,,tawk.to,tawk.to,tawk.to,
tealium,,Tealium,,Tealium,
telerik-controls,,Telerik Controls,Telerik Controls,,
texthelp,,Texthelp,Texthelp,,
the-enkoder,,The Enkoder,The Enkoder,,
the-seo-framework,,The SEO Framework,The SEO Framework,,
the-trade-desk,,The Trade Desk,The Trade Desk,,
the7,,The7,The7,,
themepunch,,ThemePunch,ThemePunch,,
thickbox,,Thickbox,Thickbox,,
thing-schema,,Thing Schema,Thing Schema,,
ticketswest,,TicketsWest,TicketsWest,,
timeago,,timeago,timeago,,
tiny-carousel,,Tiny Carousel,Tiny Carousel,,
tinymce,,TinyMCE,,TinyMCE,
touchswipe,,touchSwipe,touchSwipe,,
touristattraction-schema,,TouristAttraction Schema,TouristAttraction Schema,,
trackjs,,TrackJs,,TrackJs,
trafficmarketplace,,TrafficMarketplace,TrafficMarketplace,,
trumba,,Trumba,Trumba,,
turbolinks,,TurboLinks,TurboLinks,,
tweenmax,,TweenMax,TweenMax,,
tweet-for-jquery,,Tweet for jQuery,Tweet for jQuery,,
twitter,,Twitter,,Twitter,
twitter-cards,,Twitter Cards,Twitter Cards,,
twitter-cdn,,Twitter CDN,Twitter CDN,,
twitter-emoji-twemoji,,Twitter Emoji (Twemoji),,Twitter Emoji (Twemoji),
twitter-flight,,Twitter Flight,,Twitter Flight,
twitter-follow-button,,Twitter Follow Button,Twitter Follow Button,,
twitter-platform,,Twitter Platform,Twitter Platform,,
twitter-timeline,,Twitter Timeline,Twitter Timeline,,
twitter-tweet-button,,Twitter Tweet Button,Twitter Tweet Button,,
twitter-typeahead-js,,Twitter typeahead.js,,Twitter typeahead.js,
twitter-widget,,Twitter Widget,Twitter Widget,,
typeahead-js,,Typeahead.js,Typeahead.js,,
typekit,,Typekit,Typekit,Typekit,
typekit-async,,Typekit Async,Typekit Async,,
typo3,,TYPO3,TYPO3,,1
typography,,Typography,Typography,,
ubercart,,Ubercart,Ubercart,,
ubuntu,,Ubuntu,Ubuntu,,
underscore-js,,Underscore.js,Underscore.js,Underscore.js,
unix,,Unix,Unix,,
unpkg,,UNPKG,UNPKG,,
unsemantic,,Unsemantic,Unsemantic,,
unsplash,,Unsplash,Unsplash,,
urchin-5,,Urchin 5,Urchin 5,,
url-rewriter-net,,URL Rewriter .NET,URL Rewriter .NET,,
uservoice,,UserVoice,,UserVoice,
utf-8,,UTF-8,UTF-8,,
varnish,,Varnish,Varnish,,
vbscript,,VBScript,VBScript,,
vcard,,vCard,vCard,,
velaro,,Velaro,Velaro,,
verticalresponse,,VerticalResponse,VerticalResponse,,
videojs,,VideoJS,VideoJS,VideoJS,
viewport-meta,,Viewport Meta,Viewport Meta,,
vimeo,,Vimeo,Vimeo,,
visual-composer-ultimate-addons,,Visual Composer Ultimate Addons,Visual Composer Ultimate Addons,,
visual-studio,,Visual Studio,Visual Studio,,
visual-website-optimizer,,Visual Website Optimizer,Visual Website Optimizer,Visual Website Optimizer,
vticker,,vTicker,vTicker,,
vue-js,,Vue.js,,Vue.js,1
w3-total-cache,,W3 Total Cache,W3 Total Cache,W3 Total Cache,
wai-aria,,WAI-ARIA,WAI-ARIA,,
web-app-manifest,,Web App Manifest,Web App Manifest,,
web-site-pro,,Web Site Pro,Web Site Pro,,1
webfont-loader,,WebFont Loader,WebFont Loader,,
webgui,,WebGUI,,WebGUI,1
webpack,,webpack,,webpack,
webstar-4d,,WebStar 4d,WebStar 4d,,
webtrends,,WebTrends,WebTrends,WebTrends,
webtype,,Webtype,Webtype,,
win32-header,,Win32 Header,Win32 Header,,
windows-8-pinning,,Windows 8 Pinning,Windows 8 Pinning,,
wistia,,Wistia,Wistia,,
woopra,,Woopra,Woopra,Woopra,
wordfence,,Wordfence,Wordfence,,
wordpress,,WordPress,WordPress,WordPress,1
wow,,WOW,WOW,,
wp-engine,,WP Engine,WP Engine,,
wp-rocket,,WP Rocket,WP Rocket,WP Rocket,
wpbakery,,WPBakery,WPBakery,,
wpmu-dev,,WPMU DEV,WPMU DEV,,
wufoo,,Wufoo,Wufoo,,
wysija,,Wysija,Wysija,,
x-frame-options,,X-Frame-Options,X-Frame-Options,,
x-ua-compatible,,X-UA-Compatible,X-UA-Compatible,,
x-xss-protection,,X-XSS-Protection,X-XSS-Protection,,
xhtml-rdf,,XHTML RDFa 1.0,XHTML RDFa 1.0,,
xhtml,,XHTML Strict,XHTML Strict,,
yahoo-bookmarklet,,Yahoo Bookmarklet,Yahoo Bookmarklet,,
yahoo-cdn,,Yahoo CDN,Yahoo CDN,,
yahoo-image-cdn,,Yahoo Image CDN,Yahoo Image CDN,,
yahoo-pipes,,Yahoo Pipes,Yahoo Pipes,,
yahoo-site-explorer,,Yahoo Site Explorer,Yahoo Site Explorer,,
yahoo-small-business,,Yahoo Small Business,Yahoo Small Business,,
yui,,Yahoo User Interface,Yahoo User Interface,,1
yahoo-analytics,,Yahoo Web Analytics,Yahoo Web Analytics,,
yoast-plugins,,Yoast Plugins,Yoast Plugins,,
yoast-seo,,Yoast SEO,,Yoast SEO,
yoast-seo-premium,,Yoast SEO Premium,Yoast SEO Premium,,
yoast-wordpress-seo-plugin,,Yoast WordPress SEO Plugin,Yoast WordPress SEO Plugin,,
youtube,,YouTube,YouTube,YouTube,
youtube-iframe-api,,YouTube IFrame API,YouTube IFrame API,,
youtube-iframe-upload,,YouTube IFrame Upload,YouTube IFrame Upload,,
youtube-privacy-enchanced,,YouTube Privacy Enchanced,YouTube Privacy Enchanced,,
youvisit,,YouVisit,YouVisit,,
yui-doc,yui,YUI Doc,,YUI Doc,
zencoder-cdn,,Zencoder CDN,Zencoder CDN,,
zend-server,php,Zend Server,Zend Server,,1
zendesk-chat,,Zendesk Chat,,Zendesk Chat,
zeus,,Zeus,Zeus,,
zoho-salesiq,,Zoho SalesIQ,Zoho SalesIQ,,
zoom,,Zoom,Zoom,,
zope,,Zope,Zope,,1
zopim,,Zopim,Zopim,,
zserver,,ZServer,ZServer,,
zurb-foundation,,ZURB Foundation,,ZURB Foundation,